Datum,Account,Name
"18.03.2025, 15:05 Uhr",Johannes,Johannes
"22.03.2025, 15:15 Uhr",Jonas,Jonas
"23.03.2025, 18:21 Uhr",Johannes,Johannes
"26.03.2025, 14:03 Uhr",Johannes,Johannes
"05.04.2025, 12:10 Uhr",Johannes,Johannes
"09.04.2025, 16:48 Uhr",Johannes,Johannes
"14.04.2025, 19:08 Uhr",Jonas,Jonas
"16.04.2025, 10:55 Uhr",Johannes,Johannes
"17.04.2025, 17:52 Uhr",Johannes,Johannes
"20.04.2025, 16:01 Uhr",Jonas,Jonas
"20.04.2025, 16:01 Uhr",Jonas,Jonas
"23.04.2025, 21:25 Uhr",Jonas,Jonas
"25.04.2025, 20:35 Uhr",Jonas,Jonas
"26.04.2025, 19:56 Uhr",Johannes,Johannes
"28.04.2025, 16:05 Uhr",Jonas,Jonas
"30.04.2025, 21:03 Uhr",Johannes,Johannes
"02.05.2025, 14:34 Uhr",Johannes,Johannes
"08.05.2025, 16:33 Uhr",Johannes,Johannes
"11.05.2025, 20:13 Uhr",Johannes,Johannes
"13.05.2025, 21:30 Uhr",Jonas,Jonas
"16.05.2025, 21:37 Uhr",Jonas,Jonas
"17.05.2025, 14:19 Uhr",Johannes,Johannes
"19.05.2025, 11:38 Uhr",Johannes,Johannes
"25.05.2025, 13:05 Uhr",Johannes,Johannes
"26.05.2025, 09:52 Uhr",Jonas,Jonas
"28.05.2025, 21:09 Uhr",Jonas,Jonas
"30.05.2025, 15:28 Uhr",Jonas,Jonas
"01.06.2025, 12:54 Uhr",Johannes,Johannes
"05.06.2025, 18:46 Uhr",Johannes,Johannes
"06.06.2025, 08:48 Uhr",Jonas,Jonas
"08.06.2025, 08:36 Uhr",Johannes,Johannes
"12.06.2025, 11:26 Uhr",Johannes,Johannes
"16.06.2025, 21:30 Uhr",Jonas,Jonas
"17.06.2025, 17:53 Uhr",Jonas,Jonas
"19.06.2025, 20:59 Uhr",Johannes,Johannes
"21.06.2025, 08:37 Uhr",Jonas,Jonas
"23.06.2025, 10:30 Uhr",Jonas,Jonas
"25.06.2025, 16:15 Uhr",Jonas,Jonas
"27.06.2025, 09:55 Uhr",Jonas,Jonas
"29.06.2025, 10:12 Uhr",Jonas,Jonas
"01.07.2025, 17:22 Uhr",Jonas,Jonas
"06.07.2025, 20:30 Uhr",Jonas,Jonas
"06.07.2025, 20:50 Uhr",Johannes,Johannes
"09.07.2025, 08:05 Uhr",Jonas,Jonas
"11.07.2025, 21:28 Uhr",Jonas,Jonas
